Jimmy|2020-05-24 00:15:015|Hello, how are you? This is Jimmy. 
Mary|2020-05-24 00:15:015|What's wrong with you lol.
Tom|2020-05-24 00:15:015|My name is Tom. This is my first message. 
Tom|2020-05-24 00:15:015|This is Tom's second message. 
Jimmy|2020-05-29 21:19:005|hey, how are you? 
Jimmy|2020-05-29 21:19:018|This is Jimmy. 
Tony|2020-05-29 21:44:004|Hahaha this is a test. 
Jim|2020-05-29 22:54:018|how are ypu
TIm|2020-05-29 23:16:033|hey! 
TIm|2020-05-29 23:17:024|What's wrong??? 
Tom|2020-05-30 20:35:032|Hello! 
Tim|2020-05-30 20:39:047|Test pub-sub. 
Tim|2020-05-30 20:40:028|???
Jim|2020-05-30 20:58:010|Test pub-sub 2. 
Jim|2020-05-30 20:58:025|??? 
Tim|2020-05-30 20:58:058|Why can't it show? 
Tim|2020-05-30 21:00:025|Can it work now? 
Jim|2020-06-04 16:53:055|This is a test. 
Tonny|2020-06-04 16:54:021|Hey bro, how is it? 
Jim|2020-06-04 16:54:043|Good lol. ;;How about the multiline input? 
Tonny|2020-06-04 16:54:048|Looks good. 
Jimmy|2020-06-08 19:09:029|Hi! 
Bob|2020-06-08 19:09:044|Hey, how are you? 
